N,P,K,temperature,humidity,ph,rainfall,crop
21,20,34,17.68,71.61,6.27,274.53,cabbage
54,37,20,31.11,43.14,6.46,288.0,pea
22,8,19,16.37,62.19,5.84,206.24,apple
74,44,27,29.49,41.78,7.19,263.31,lettuce
13,12,12,32.6,76.71,6.43,230.09,spinach
120,25,59,26.0,57.25,6.47,147.48,cabbage
99,41,6,24.06,53.08,6.04,146.09,orange
70,45,10,25.64,81.96,5.39,135.59,potato
120,21,44,22.01,80.67,6.55,250.33,lettuce
82,16,32,16.86,89.38,6.29,216.75,cabbage
58,28,44,15.99,44.78,5.75,51.87,maize
85,47,6,30.13,60.73,6.67,239.51,sugarcane
74,19,9,31.12,63.75,5.73,238.38,soybean
25,45,25,22.57,76.15,6.61,274.6,lettuce
64,45,28,33.28,49.79,5.43,260.9,apple
105,39,46,16.68,50.56,6.2,222.71,tea
109,12,22,25.23,53.39,5.58,296.51,spinach
102,59,25,27.54,53.22,7.38,253.95,spinach
18,11,60,18.97,80.92,5.44,259.25,spinach
65,27,15,32.15,71.9,5.27,249.13,cotton
27,47,54,27.52,67.05,6.17,121.39,rice
91,54,56,27.32,71.8,6.65,280.88,millet
43,56,33,31.04,65.65,7.05,170.66,potato
41,27,43,25.63,85.79,7.17,180.32,millet
37,38,17,18.86,59.09,5.16,178.75,lettuce
51,13,21,25.7,80.06,5.17,176.17,tomato
69,57,29,28.52,52.43,5.64,170.49,pea
94,35,22,27.96,68.2,6.44,74.94,wheat
43,18,37,29.43,79.95,6.38,212.08,lettuce
37,28,39,27.85,46.94,5.65,167.69,rice
103,8,44,31.13,45.14,7.28,99.17,mango
35,39,35,24.85,44.23,6.31,150.02,rice
100,19,21,33.5,68.01,5.36,160.17,mango
92,49,37,21.12,78.55,5.6,296.56,grapes
108,25,16,32.61,55.83,7.07,96.02,maize
98,8,46,34.65,41.91,6.4,174.85,soybean
77,60,39,29.05,71.48,7.47,90.31,apple
49,44,24,23.88,44.34,6.89,280.98,maize
101,28,58,25.09,72.77,6.5,79.99,barley
32,30,46,17.87,59.08,6.82,232.2,rice
76,43,31,15.63,81.57,7.23,157.82,apple
28,24,48,20.91,58.84,5.87,254.01,onion
16,53,39,18.11,43.74,5.75,267.67,lettuce
105,9,54,24.59,88.56,5.57,207.2,tea
111,17,35,29.35,69.3,7.25,225.44,spinach
20,36,21,27.61,59.87,5.64,181.24,coffee
112,33,50,19.74,55.86,6.77,85.69,cotton
11,11,56,22.11,79.16,6.46,113.25,sugarcane
73,35,23,34.73,51.5,5.09,74.05,cotton
27,42,35,16.58,81.98,7.26,161.83,orange
66,12,22,27.75,75.02,7.5,157.56,orange
32,27,44,16.62,56.6,7.09,90.26,wheat
64,41,31,34.98,87.28,5.52,275.63,mango
79,11,8,28.17,86.73,5.13,235.48,coffee
98,9,31,25.31,86.6,6.56,161.03,spinach
96,21,11,28.87,72.74,6.77,99.13,broccoli
102,6,15,26.71,62.63,7.06,118.84,mango
84,46,48,27.07,51.08,7.38,102.59,coffee
68,6,44,25.46,54.42,6.69,184.72,maize
74,47,33,21.71,76.43,6.46,211.31,wheat
92,13,30,21.78,55.57,5.98,264.17,orange
19,39,16,29.29,43.02,5.48,204.42,tomato
79,6,28,22.12,63.87,5.07,78.27,banana
33,7,10,24.28,55.32,6.29,239.68,maize
24,30,31,23.47,72.69,7.34,136.16,tea
35,6,43,24.0,81.37,5.8,136.12,pea
44,42,57,23.49,84.63,5.86,149.21,onion
55,44,24,17.93,70.76,7.16,256.86,pea
16,16,34,29.21,67.38,6.34,292.42,apple
41,56,21,26.44,77.46,5.67,181.91,carrot
67,15,9,33.52,76.05,7.4,241.58,spinach
48,28,6,20.51,61.76,5.1,261.88,sugarcane
22,32,37,32.42,54.02,6.3,185.7,groundnut
54,9,33,34.58,78.5,6.93,51.17,mango
21,33,47,23.23,80.57,6.21,101.11,sugarcane
38,19,53,27.19,68.18,5.22,239.75,pea
67,45,52,23.6,62.53,7.47,167.15,groundnut
108,53,10,22.14,66.38,5.71,249.47,cotton
69,5,35,19.67,76.91,5.9,173.34,orange
119,10,8,27.3,54.75,5.22,287.26,mango
46,22,41,22.92,63.71,5.5,142.11,tomato
97,27,39,34.74,59.82,7.43,235.27,barley
46,48,7,33.26,64.11,6.05,264.22,millet
89,54,25,19.27,46.37,6.91,91.42,tomato
114,57,22,21.08,65.62,6.16,244.96,pea
95,32,42,16.57,82.89,6.07,286.36,apple
13,54,16,26.29,41.02,5.09,51.18,rice
33,46,60,22.03,46.77,5.93,220.37,coffee
99,25,24,15.63,54.71,7.42,238.29,lettuce
88,25,54,15.81,80.59,7.41,292.04,tomato
37,24,46,33.09,48.57,7.43,268.01,rice
99,13,12,25.08,67.32,6.86,85.83,soybean
40,5,21,28.17,70.42,5.46,82.45,mango
41,6,11,25.21,76.49,7.0,78.4,potato
12,7,44,34.67,52.38,5.91,125.57,groundnut
17,43,23,25.43,58.01,5.51,241.71,broccoli
70,55,18,26.99,62.22,5.25,133.76,barley
99,28,48,26.91,67.26,5.87,218.77,spinach
29,57,35,29.47,71.84,5.81,141.27,grapes
52,19,26,15.02,68.13,7.47,256.39,rice
88,46,51,16.63,79.49,5.62,195.4,barley
99,33,58,24.0,42.24,5.66,139.24,potato
56,42,27,25.03,89.78,7.13,290.96,broccoli
116,55,7,17.7,47.09,6.08,226.74,barley
14,21,48,16.81,44.47,7.29,266.51,coffee
72,57,53,17.15,43.82,6.07,113.12,orange
69,14,27,29.96,54.22,5.26,150.5,onion
17,5,44,23.74,79.91,6.81,230.51,orange
50,35,7,32.29,81.92,6.86,60.14,grapes
103,10,9,20.32,65.31,5.71,81.49,barley
102,31,50,26.09,46.05,5.46,171.82,mango
118,9,23,29.78,42.01,5.51,155.02,millet
54,52,17,15.13,60.94,6.49,147.19,carrot
26,20,28,31.86,79.38,6.29,186.56,cotton
81,40,48,22.32,86.23,6.84,95.31,lettuce
54,9,12,19.62,54.66,5.61,178.31,mango
86,39,48,20.03,80.32,7.08,208.54,groundnut
100,59,16,31.11,44.52,5.26,227.4,wheat
14,41,47,26.7,52.94,5.2,190.14,cotton
11,59,31,31.56,43.36,6.98,282.55,wheat
103,8,8,27.35,78.35,7.22,244.0,tea
14,48,59,27.25,80.87,6.0,81.21,sugarcane
50,28,50,33.76,71.07,5.91,144.22,potato
108,5,24,33.19,53.54,6.78,292.48,broccoli
80,19,13,25.76,76.38,6.83,76.58,apple
71,31,25,32.5,58.08,6.24,124.24,rice
72,57,12,26.23,74.81,5.45,96.31,cabbage
91,14,58,18.97,64.26,6.86,223.21,spinach
34,16,29,28.8,82.63,6.17,128.73,carrot
27,52,53,24.1,48.47,6.86,283.84,coffee
92,5,58,29.92,53.09,6.32,277.31,barley
75,34,26,23.41,53.82,6.93,299.85,tea
34,58,41,34.98,50.33,6.69,102.47,broccoli
33,43,24,34.97,78.19,5.44,79.49,sugarcane
35,19,20,21.71,75.43,5.72,264.79,orange
77,24,27,23.85,85.35,5.14,231.98,spinach
87,57,5,21.83,75.64,5.61,186.77,tea
105,57,17,28.77,80.09,7.44,155.45,soybean
109,45,5,18.19,56.4,6.99,264.12,cotton
99,12,31,21.85,60.61,5.79,58.67,onion
98,34,32,19.24,53.16,6.53,88.89,cotton
117,41,47,31.94,58.5,5.61,214.85,wheat
58,35,9,29.8,65.27,7.45,126.31,barley
39,27,43,21.29,49.17,7.35,103.03,tea
20,48,46,28.22,73.19,5.72,182.2,grapes
15,19,59,27.81,55.69,5.56,112.86,grapes
35,13,57,20.3,73.99,7.09,51.46,cotton
112,23,10,28.69,72.36,5.91,158.52,carrot
100,21,30,19.06,62.3,6.89,85.71,mango
99,21,31,29.8,79.73,5.59,131.77,sugarcane
113,49,15,33.29,77.35,7.1,60.0,orange
71,16,47,22.82,56.26,6.55,53.63,rice
47,59,10,19.99,43.18,5.05,125.16,carrot
105,10,30,28.21,50.91,6.66,91.45,apple
32,51,24,27.04,51.33,6.99,90.76,sugarcane
59,14,34,31.11,79.2,5.36,287.33,lettuce
70,51,11,23.2,59.3,5.89,82.05,apple
44,20,42,33.05,87.87,7.11,235.66,groundnut
114,5,38,26.43,51.28,6.58,122.29,broccoli
116,45,26,17.52,57.35,7.12,211.95,pea
47,7,13,33.0,43.15,6.81,54.87,mango
32,50,14,24.74,47.98,6.58,250.98,sugarcane
110,38,50,32.02,72.08,6.27,292.9,spinach
111,44,23,26.53,45.3,5.32,103.1,cotton
42,42,51,25.53,46.73,5.39,119.82,wheat
55,39,18,20.9,52.2,6.18,160.69,tea
99,53,16,25.69,88.74,7.0,129.49,potato
53,15,14,23.81,76.48,6.95,173.33,lettuce
108,30,27,27.98,65.43,5.07,90.6,millet
70,48,5,15.96,88.1,5.13,295.89,grapes
78,54,50,26.35,53.97,6.39,76.54,pea
55,22,16,31.6,44.52,5.08,79.34,lettuce
72,9,47,21.46,81.85,7.29,108.0,cabbage
119,60,33,18.93,85.0,5.91,88.21,orange
84,16,40,15.34,71.69,5.97,271.33,grapes
39,50,6,21.75,67.56,5.0,125.62,pea
39,45,39,33.47,88.18,5.57,144.24,tea
56,13,21,26.31,79.19,6.42,281.81,onion
63,58,49,25.33,52.27,7.05,288.17,potato
20,38,39,18.77,40.73,5.21,228.34,spinach
78,46,50,15.62,83.66,7.39,167.34,millet
26,19,57,30.59,78.84,5.66,289.96,wheat
24,17,53,20.94,44.36,6.94,80.82,broccoli
76,60,22,30.73,51.24,5.47,213.16,maize
17,47,20,24.93,73.55,7.36,89.92,tea
59,21,25,32.2,70.87,5.9,183.69,cotton
42,31,48,15.35,61.11,7.19,160.38,cabbage
15,21,39,15.92,65.83,6.78,133.73,millet
56,29,15,22.1,79.46,7.49,177.01,sugarcane
50,11,29,28.57,76.05,6.52,151.36,wheat
57,54,44,17.56,83.0,6.12,224.25,cabbage
83,20,42,29.43,83.75,7.19,140.64,cotton
80,35,38,17.3,52.13,6.86,191.06,lettuce
91,15,49,32.18,79.88,5.11,107.42,orange
65,47,37,19.59,89.45,6.62,110.8,spinach
18,37,35,34.75,55.52,6.15,65.0,potato
44,55,27,21.9,74.76,6.62,167.57,broccoli
17,20,41,17.53,67.4,6.01,144.17,cotton
57,9,30,30.56,81.95,7.44,136.41,sugarcane
36,18,21,21.13,60.83,6.33,102.44,onion
100,49,21,27.63,51.92,6.05,290.88,carrot
13,7,19,26.36,56.7,6.53,68.06,barley
106,34,8,22.36,57.57,5.92,239.06,onion
114,6,10,32.46,60.18,5.94,140.71,soybean
58,15,36,21.78,79.87,7.13,122.13,rice
67,47,33,32.68,51.75,5.3,67.61,carrot
40,18,27,17.03,78.87,7.0,289.68,grapes
90,14,7,24.11,83.02,6.01,96.18,sugarcane
63,33,40,30.12,54.11,7.36,169.57,rice
74,35,18,16.52,52.55,7.04,215.23,grapes
27,20,6,25.18,70.12,5.44,237.38,spinach
29,43,16,27.69,50.22,7.34,202.48,rice
56,11,16,26.24,59.89,7.39,294.55,tomato
73,57,23,27.81,62.81,6.93,247.86,millet
115,11,47,15.43,69.56,6.63,187.64,tomato
97,32,6,21.18,49.52,5.25,176.22,pea
87,54,47,17.24,89.83,7.02,248.61,maize
47,58,21,25.3,62.35,6.16,184.58,groundnut
16,17,22,16.49,52.57,5.31,178.71,grapes
105,20,59,18.09,76.83,6.07,268.9,carrot
37,40,58,26.06,88.91,6.2,287.16,broccoli
112,47,18,19.22,72.24,6.75,240.26,cotton
89,33,43,15.61,72.55,6.24,276.69,carrot
40,36,14,32.53,80.57,5.18,201.89,millet
119,51,39,16.45,68.57,5.03,71.53,wheat
87,51,19,18.17,58.23,7.08,203.67,broccoli
120,34,21,15.15,54.12,5.46,141.03,sugarcane
23,26,53,19.17,88.74,6.76,160.58,groundnut
21,30,49,26.51,42.13,7.24,187.29,spinach
109,28,16,20.61,40.17,6.02,191.69,cabbage
89,33,47,20.74,50.93,6.92,90.6,wheat
19,48,57,19.95,79.05,6.62,180.3,millet
18,18,26,22.01,72.02,6.92,181.42,pea
75,35,25,29.68,53.27,5.46,258.32,tea
37,33,14,21.35,77.76,6.03,199.57,tea
81,30,43,29.14,79.49,6.16,91.31,coffee
65,18,16,18.95,66.92,5.71,245.7,barley
67,54,13,30.18,43.93,7.29,60.21,grapes
51,54,45,21.92,59.69,7.5,119.79,lettuce
18,59,24,25.91,88.04,6.24,267.48,rice
117,7,23,22.16,74.95,7.45,264.43,tea
20,10,20,21.73,81.99,6.15,180.86,orange
68,40,35,19.47,79.47,5.34,65.31,grapes
69,28,10,28.54,55.03,6.77,201.34,cabbage
65,51,34,32.42,50.76,7.18,147.14,groundnut
17,22,21,32.3,75.6,5.55,137.42,potato
52,33,17,18.51,84.75,5.18,210.34,pea
99,41,54,24.08,82.11,5.08,110.36,spinach
88,22,16,34.36,64.05,7.17,283.12,groundnut
114,21,57,19.84,51.11,5.38,297.13,sugarcane
54,38,8,17.55,71.92,6.07,50.81,wheat
109,7,42,21.47,75.23,7.23,102.93,tomato
75,52,54,30.86,48.41,5.57,60.46,broccoli
49,25,51,16.93,57.72,5.34,213.96,banana
103,47,28,17.32,40.47,6.86,157.88,barley
108,50,9,16.14,69.56,6.28,248.97,soybean
80,37,40,34.44,54.27,6.29,131.36,maize
100,31,32,30.95,86.05,5.17,111.33,maize
40,31,26,23.39,53.91,6.82,284.46,tea
112,44,37,31.58,67.54,7.25,62.4,pea
83,54,18,20.19,58.08,6.32,81.87,lettuce
99,23,43,22.91,69.05,6.68,279.95,pea
24,55,15,33.41,72.44,6.08,134.81,tea
82,15,32,17.93,79.92,7.46,105.12,pea
58,35,7,33.94,42.77,7.0,74.25,lettuce
65,30,10,30.53,61.71,6.13,231.77,coffee
69,57,33,29.17,63.91,7.38,109.46,broccoli
97,50,26,19.7,89.04,5.31,157.99,sugarcane
14,50,29,23.95,58.46,5.24,183.05,groundnut
35,11,47,19.12,43.29,5.32,265.55,cabbage
113,45,31,31.01,42.91,6.26,82.53,cabbage
119,47,36,17.93,73.95,5.53,115.74,banana
98,59,34,26.34,49.73,6.61,153.75,mango
97,19,53,20.14,61.3,5.2,254.35,mango
67,15,17,23.71,42.69,5.74,59.15,onion
93,35,10,15.12,52.93,6.0,79.66,carrot
13,53,57,21.26,70.47,6.85,149.57,mango
47,9,32,16.96,67.14,7.49,297.82,sugarcane
87,32,32,24.88,46.86,6.26,87.71,barley
106,33,36,15.84,72.07,5.13,61.29,cotton
10,37,8,19.93,82.87,7.38,227.72,apple
73,51,11,29.7,43.45,5.08,275.47,pea
89,19,13,22.44,81.87,6.38,272.13,pea
106,15,11,20.46,60.0,6.93,101.35,tea
48,16,53,17.69,56.5,7.07,199.48,banana
100,28,35,21.94,75.4,5.56,222.65,barley
104,23,58,30.29,48.21,7.46,254.28,millet
67,27,31,20.63,74.39,7.46,128.43,spinach
97,17,37,19.55,53.08,5.42,296.99,maize
102,59,48,30.55,48.84,6.31,64.72,cabbage
30,24,53,26.73,81.39,5.15,207.66,grapes
27,6,24,15.15,49.07,7.36,240.55,apple
103,56,43,16.42,66.95,6.47,169.23,pea
18,16,54,34.06,58.83,7.2,68.64,apple
60,19,8,31.05,75.23,5.53,99.36,carrot
32,19,33,17.47,44.79,7.31,165.12,apple
82,11,19,33.56,42.41,5.59,172.28,barley
43,35,11,24.72,68.77,7.5,95.27,spinach
71,49,17,23.23,83.2,5.34,250.8,millet
108,44,56,23.0,75.97,5.15,113.25,tomato
50,27,23,16.06,65.27,6.47,201.91,coffee
58,27,19,26.0,76.88,7.06,151.71,sugarcane
16,58,39,35.0,79.49,5.68,178.05,cabbage
99,37,35,21.42,60.97,5.59,215.33,rice
66,32,6,23.03,74.75,7.12,282.84,barley
91,50,46,33.0,88.58,5.87,228.4,tomato
51,33,28,24.32,74.79,7.47,62.58,banana
80,11,43,28.99,52.07,5.78,204.75,banana
90,30,35,33.31,42.46,6.98,154.36,cotton
21,43,8,29.45,52.86,6.79,107.06,broccoli
79,10,53,34.59,49.78,7.26,289.35,broccoli
98,53,33,34.51,41.19,5.4,209.41,coffee
57,54,40,19.3,82.43,6.51,190.93,coffee
49,19,38,18.9,80.5,6.99,294.65,potato
50,46,20,32.18,81.43,6.22,157.46,mango
40,7,39,16.44,83.16,6.07,280.48,rice
31,27,44,26.27,74.78,7.44,229.84,groundnut
65,5,41,26.09,61.32,5.81,110.76,coffee
51,33,32,32.76,55.82,7.32,264.52,spinach
15,38,8,29.59,61.57,5.31,129.49,tea
64,27,39,33.19,60.56,6.67,285.31,millet
65,27,51,33.88,57.62,5.95,201.54,coffee
105,56,17,29.03,78.76,5.85,152.77,spinach
40,16,39,24.19,53.35,5.69,231.14,apple
11,47,27,19.21,74.33,6.79,135.67,banana
14,20,23,22.8,70.81,6.5,290.6,carrot
93,13,41,15.6,86.75,6.69,56.28,tea
64,53,14,34.26,66.21,6.26,195.06,pea
57,38,36,34.52,88.06,7.07,148.75,mango
108,33,40,20.32,75.59,5.12,61.42,onion
56,33,21,20.26,55.08,5.9,263.87,grapes
29,23,58,26.51,83.29,7.19,201.8,carrot
50,21,45,15.42,81.28,6.02,133.81,broccoli
120,50,20,32.94,40.37,5.14,98.3,grapes
73,28,32,30.48,45.48,6.04,140.26,mango
83,31,11,28.54,82.55,6.27,267.53,potato
104,54,47,24.05,70.03,6.0,227.97,potato
104,34,21,34.97,55.44,5.84,256.64,tea
74,15,37,22.37,49.47,6.59,272.69,onion
73,50,16,34.56,73.54,5.48,169.02,carrot
43,32,49,28.83,83.23,5.99,128.58,barley
76,37,39,28.79,60.52,6.54,275.8,barley
48,14,55,30.31,42.47,5.87,169.44,soybean
47,38,22,31.34,59.18,6.28,191.55,onion
61,10,5,25.07,58.48,5.72,194.15,sugarcane
76,42,52,21.44,52.19,7.45,161.47,rice
99,58,55,18.88,53.42,5.74,101.02,rice
67,39,38,17.19,44.19,5.74,65.17,onion
33,34,52,21.11,53.78,6.93,111.31,cabbage
81,10,10,19.62,61.33,6.64,65.47,sugarcane
34,8,33,19.11,86.97,6.08,194.7,pea
86,59,46,17.73,53.12,7.37,100.98,cabbage
120,27,56,25.01,82.65,6.38,262.22,rice
110,55,37,17.94,61.92,7.02,119.13,lettuce
69,22,12,20.18,79.3,6.24,293.51,cabbage
12,20,38,23.65,50.68,5.81,203.17,tomato
18,45,18,22.21,41.89,6.65,124.15,carrot
74,50,27,29.89,74.41,5.63,116.87,cabbage
23,13,15,23.94,80.36,6.64,154.43,tomato
114,39,25,26.94,56.11,6.22,285.83,lettuce
16,40,58,33.62,82.39,7.18,251.72,apple
116,9,15,19.08,48.15,5.38,257.81,barley
64,60,40,15.45,62.59,5.68,157.4,cabbage
118,54,22,32.68,85.64,5.4,181.08,mango
77,34,17,34.69,51.69,6.45,225.04,cotton
59,20,6,24.5,47.21,7.04,272.59,lettuce
67,33,20,19.12,87.45,6.07,146.84,pea
76,16,50,24.93,51.28,6.72,246.0,cotton
120,44,35,30.47,46.73,6.06,64.09,cabbage
116,40,33,27.82,57.66,7.23,120.13,spinach
26,55,37,30.6,74.91,5.02,167.93,orange
92,46,23,26.75,57.48,5.95,278.0,grapes
40,35,47,19.53,75.28,7.42,178.19,coffee
17,35,53,15.2,63.64,5.25,188.89,mango
55,47,56,34.15,78.42,6.49,127.14,cotton
97,60,42,32.79,60.59,7.17,71.01,cabbage
100,58,14,28.01,69.02,5.79,225.97,tea
53,30,39,32.45,56.2,6.56,138.37,orange
11,10,53,18.02,62.59,5.64,62.71,spinach
76,19,19,28.49,84.16,5.56,174.3,rice
64,54,16,34.4,84.35,5.44,174.51,soybean
13,31,7,22.88,45.26,5.88,198.33,grapes
63,18,8,27.54,78.38,6.97,182.07,apple
107,15,32,28.59,54.12,5.43,263.54,potato
90,25,49,16.53,69.17,6.37,238.21,coffee
100,18,8,32.74,46.8,7.03,211.75,banana
76,35,35,26.73,88.31,7.06,178.73,grapes
15,49,60,24.02,53.72,7.12,108.42,sugarcane
92,8,18,31.17,74.15,5.55,258.87,potato
84,12,46,22.41,67.02,6.2,269.69,tomato
114,43,52,17.33,89.79,6.19,224.96,cabbage
85,58,30,29.8,48.07,5.09,126.03,tomato
37,6,10,26.73,71.23,7.5,211.19,apple
15,19,31,33.23,63.06,5.61,138.28,broccoli
105,20,28,22.48,53.8,5.93,168.11,coffee
64,43,19,33.55,64.76,5.23,282.7,broccoli
100,21,52,19.61,77.31,5.77,62.29,banana
50,23,10,28.16,79.95,6.88,136.82,potato
47,41,17,19.47,55.67,6.24,168.02,tomato
57,27,58,16.0,40.96,6.5,238.09,broccoli
64,50,29,24.29,87.37,5.01,141.71,soybean
106,55,55,17.77,85.26,6.21,97.51,mango
39,7,56,20.93,59.5,5.39,230.18,maize
80,26,6,26.14,42.94,6.1,101.14,barley
94,52,56,25.97,76.07,6.88,160.7,broccoli
40,45,21,20.77,42.38,5.78,111.48,tomato
38,17,57,30.88,55.27,5.92,86.19,wheat
59,55,45,24.77,48.29,5.56,182.0,tea
64,26,30,19.04,46.7,5.46,205.78,grapes
23,21,57,33.07,45.53,6.66,65.89,cotton
29,40,34,21.28,73.95,7.04,103.29,barley
19,44,26,28.97,62.96,6.62,76.2,lettuce
120,21,38,30.69,41.36,6.63,217.6,tea
25,26,9,23.38,57.53,5.1,166.86,orange
34,32,41,24.16,50.6,5.26,278.31,broccoli
63,33,32,17.88,83.44,6.94,69.59,pea
118,23,25,29.01,85.19,7.08,100.31,rice
48,26,43,31.16,54.42,7.49,100.11,millet
82,58,22,17.42,48.23,6.21,138.42,banana
55,5,7,30.75,62.14,6.7,155.99,soybean
74,54,19,34.28,56.28,6.3,219.21,barley
100,8,30,21.73,62.66,5.07,298.77,onion
22,19,29,18.92,85.54,5.33,199.65,potato
102,56,21,20.31,73.94,6.96,127.6,onion
93,31,58,15.12,57.3,6.27,50.83,broccoli
18,16,28,15.33,78.02,5.26,113.45,lettuce
56,44,6,30.18,63.79,5.54,71.91,millet
66,11,5,20.85,84.47,5.71,120.36,banana
54,5,46,30.66,88.26,7.1,143.8,sugarcane
45,47,9,15.74,74.69,6.57,249.43,wheat
92,6,8,16.8,81.38,7.16,299.73,banana
39,56,31,24.73,46.41,6.94,169.25,wheat
53,20,5,19.97,54.71,6.43,230.48,millet
108,53,39,25.09,51.13,6.53,92.57,orange
41,17,48,18.78,63.46,5.53,117.39,spinach
56,46,12,20.72,79.3,5.82,230.24,lettuce
83,35,18,16.77,55.25,5.32,296.51,coffee
34,17,12,33.19,56.71,7.46,245.01,grapes
109,51,57,34.79,80.72,5.83,285.19,lettuce
96,54,57,15.59,54.15,5.22,298.43,cotton
24,43,29,18.34,46.46,7.49,188.23,barley
59,48,16,30.48,43.51,6.73,176.89,barley
25,7,17,29.36,62.48,6.06,262.76,cotton
86,50,15,25.44,79.2,5.25,222.0,apple
119,37,38,18.53,52.57,7.13,183.08,barley
103,18,12,29.58,60.31,7.25,157.92,tea
48,7,18,19.18,47.09,6.04,103.74,spinach
32,17,7,15.87,86.62,5.49,226.4,orange
49,52,19,27.1,71.64,6.82,258.6,onion
41,24,43,24.14,82.43,6.22,276.48,pea
50,55,49,29.08,86.25,5.55,200.9,mango
68,53,52,34.99,43.76,5.39,228.27,pea
14,5,36,30.55,43.27,6.44,81.36,carrot
35,32,35,25.79,84.6,6.42,70.44,mango
65,56,57,15.11,64.53,7.11,178.1,barley
114,32,32,31.41,48.42,6.84,211.69,apple
105,50,19,28.06,82.97,7.33,207.86,soybean
65,19,28,25.38,54.42,6.7,211.98,sugarcane
84,21,29,25.8,64.06,5.46,177.17,tea
70,13,36,27.24,74.4,7.21,133.63,pea
14,10,23,17.47,52.39,5.55,109.38,tomato
87,57,53,31.84,75.9,5.96,211.1,banana
82,45,11,19.07,78.76,5.03,221.02,sugarcane
76,32,46,24.46,56.04,6.25,55.44,wheat
110,56,51,18.35,73.53,5.44,72.71,orange
43,9,36,26.4,78.36,6.61,212.84,tomato
63,52,25,18.67,55.37,5.48,178.87,cabbage
11,14,37,27.29,82.15,5.85,230.82,soybean
82,53,23,17.6,80.08,6.24,96.9,coffee
51,37,47,29.86,63.68,6.09,295.66,cotton
69,46,32,27.49,55.04,5.65,147.64,apple
21,51,35,33.5,62.36,5.56,244.31,mango
21,43,13,19.65,85.8,5.36,171.18,spinach
22,5,42,20.92,60.78,5.45,191.39,barley
20,16,32,30.21,89.0,5.54,226.07,rice
83,58,26,24.61,68.49,5.17,156.99,broccoli
47,55,22,34.47,78.29,6.27,168.87,grapes
73,47,53,31.23,77.23,6.95,241.94,onion
106,18,35,19.2,71.81,5.07,121.76,spinach
69,28,29,27.47,55.37,6.66,231.54,wheat
18,18,11,27.96,41.55,7.14,246.42,cabbage
57,27,53,32.95,83.33,5.74,115.13,sugarcane
119,5,34,23.54,60.19,7.36,266.33,wheat
50,25,37,33.03,83.84,5.87,255.91,onion
118,52,28,30.32,52.52,5.27,155.47,banana
47,5,23,31.84,51.77,6.88,83.12,wheat
43,33,10,33.5,45.56,7.27,164.28,sugarcane
110,14,22,27.46,79.88,6.38,99.4,coffee
49,12,14,26.14,45.95,7.3,73.22,orange
42,14,26,24.74,82.4,5.39,236.5,mango
90,54,35,32.17,77.38,7.31,227.44,cotton
17,30,46,34.92,59.72,5.19,221.52,grapes
43,27,56,29.53,69.94,6.56,184.6,maize
63,7,27,21.93,54.09,6.76,112.57,grapes
111,57,48,15.97,66.8,7.28,122.97,lettuce
51,12,8,21.9,57.49,6.39,75.72,lettuce
27,21,7,30.47,48.09,5.81,130.33,mango
20,34,39,17.04,49.5,7.23,210.04,sugarcane
118,57,44,33.65,62.69,6.78,246.62,groundnut
29,52,39,23.96,61.16,6.7,135.44,millet
46,21,21,25.21,48.07,5.14,184.79,tea
77,59,48,24.51,52.69,6.0,148.27,groundnut
101,7,25,29.67,68.85,6.59,160.16,cabbage
21,15,47,22.78,43.28,6.65,251.26,onion
51,23,10,27.5,87.24,7.19,197.2,maize
100,5,21,31.73,87.26,7.05,225.67,cabbage
93,37,45,30.01,82.25,5.36,124.48,mango
35,32,52,30.92,40.38,6.52,139.38,potato
84,56,25,26.9,89.07,6.13,181.56,broccoli
80,43,52,28.66,87.37,5.73,137.32,sugarcane
90,57,55,28.14,86.74,6.08,262.59,rice
26,28,18,30.21,51.09,5.77,190.06,maize
63,51,34,31.09,84.08,6.73,235.57,orange
61,18,10,32.59,86.77,6.29,135.04,carrot
85,41,35,33.29,49.67,7.35,105.89,rice
61,53,38,18.56,75.45,5.36,74.24,onion
96,39,27,15.21,57.45,7.09,219.41,tea
70,31,42,27.42,66.32,6.73,161.76,tea
118,16,28,16.21,42.31,5.38,257.55,grapes
60,12,30,30.69,50.49,5.66,286.41,mango
58,18,12,29.28,60.03,5.26,239.06,millet
74,18,52,28.64,63.73,7.35,172.92,grapes
80,44,29,24.1,42.41,7.34,132.49,rice
102,42,35,18.64,79.7,7.38,230.71,rice
77,13,5,25.33,77.2,5.87,148.74,lettuce
91,15,39,20.16,59.5,6.56,289.79,millet
96,49,18,32.04,62.26,5.45,94.33,groundnut
87,32,53,29.41,78.13,6.25,114.26,cabbage
78,58,34,25.2,58.45,7.01,111.43,barley
93,5,28,18.92,60.99,5.99,113.82,pea
115,40,7,18.02,69.17,5.29,96.02,spinach
78,57,57,18.06,62.03,7.21,194.32,apple
25,30,5,23.08,76.98,5.0,65.88,orange
97,19,20,28.41,81.64,5.14,116.09,grapes
111,7,55,18.15,68.82,6.96,76.89,spinach
83,33,57,22.49,61.94,7.05,299.46,wheat
14,43,10,20.79,58.94,7.0,226.39,maize
25,31,46,20.13,63.75,6.35,292.72,carrot
10,14,16,15.25,85.66,6.4,276.85,sugarcane
11,34,18,34.35,54.02,5.18,105.16,pea
13,45,46,28.86,72.48,7.02,172.89,onion
72,41,51,21.89,84.05,5.2,82.87,mango
79,40,47,31.68,79.61,5.16,171.72,maize
21,59,55,16.05,41.3,6.92,103.12,maize
14,58,32,26.99,49.35,6.05,245.42,spinach
89,55,50,21.03,78.52,5.18,57.33,cotton
50,55,18,17.39,64.8,5.14,102.88,rice
70,19,13,20.14,71.26,6.52,196.05,maize
77,7,58,20.81,69.17,7.1,263.64,coffee
108,30,33,25.1,52.92,5.26,222.76,grapes
116,25,18,18.96,84.81,6.32,266.73,mango
119,60,52,33.72,60.25,6.51,138.71,grapes
40,37,60,29.38,58.59,6.17,256.35,banana
80,43,46,24.38,64.82,6.78,265.28,tea
39,23,20,18.28,70.04,7.33,262.02,grapes
85,40,14,29.72,79.93,7.35,211.36,banana
67,15,44,16.13,89.67,6.93,119.35,potato
69,39,28,16.71,51.75,7.04,175.9,rice
86,26,42,25.5,79.18,5.27,129.05,lettuce
119,19,41,15.52,76.91,6.53,133.35,broccoli
42,34,10,26.73,69.47,5.64,82.39,tea
26,36,43,22.89,86.31,6.59,98.61,cotton
86,6,43,27.08,40.8,5.91,173.53,sugarcane
72,10,36,16.17,54.66,6.67,80.11,tea
20,41,48,24.9,78.95,5.16,261.67,cabbage
72,49,46,30.61,48.89,6.6,260.84,lettuce
10,29,49,22.64,76.59,7.14,154.23,cotton
71,31,56,16.59,66.47,6.82,187.89,banana
116,5,49,31.13,60.93,5.21,174.56,banana
120,5,38,21.3,41.95,5.4,209.36,tea
38,13,20,34.9,45.48,5.99,243.21,carrot
112,8,58,28.27,47.6,6.92,223.91,cabbage
30,27,24,33.12,71.25,5.79,247.17,tomato
113,37,10,29.54,62.44,7.12,218.42,carrot
65,16,59,20.54,57.05,6.54,199.22,millet
12,36,59,33.3,44.75,5.72,273.96,sugarcane
103,19,45,18.84,89.85,7.05,211.29,maize
20,5,29,18.67,89.98,5.79,216.48,groundnut
71,52,50,25.72,89.11,6.47,226.04,tomato
47,36,35,31.79,86.43,5.6,208.68,apple
116,52,36,25.58,72.97,6.75,202.01,soybean
60,27,56,29.18,43.29,7.44,284.98,orange
35,56,40,23.69,76.74,5.98,58.3,banana
114,11,34,21.13,40.14,7.13,163.74,carrot
32,52,8,15.83,62.36,6.56,151.76,barley
105,60,42,33.75,43.27,5.85,248.51,maize
37,6,10,30.36,74.85,6.75,239.1,tomato
27,18,60,30.18,66.92,5.08,283.66,lettuce
44,13,54,28.3,78.14,5.61,106.43,lettuce
54,27,27,27.94,43.78,6.67,151.16,carrot
34,8,20,25.86,59.48,6.86,99.12,mango
51,33,31,24.58,71.89,7.41,217.37,orange
26,43,50,27.57,78.47,6.33,50.11,orange
76,57,54,31.85,75.93,5.11,112.64,spinach
103,52,41,22.24,87.97,5.01,147.68,tea
49,5,31,34.42,59.19,5.77,188.91,tomato
74,20,8,33.08,47.58,6.77,137.65,groundnut
87,46,52,15.52,68.79,6.04,160.79,spinach
68,48,27,21.87,42.39,7.2,127.07,millet
77,27,34,23.75,84.34,7.08,280.28,maize
30,38,29,21.74,40.71,6.11,61.45,carrot
14,57,58,29.06,46.49,7.43,128.85,mango
112,17,40,19.96,56.89,6.75,199.8,cabbage
120,26,41,18.04,64.95,6.74,217.42,lettuce
119,59,31,17.58,71.09,5.17,291.45,sugarcane
60,38,14,17.45,66.84,6.11,278.34,groundnut
75,9,60,28.93,84.07,5.84,144.7,lettuce
49,40,53,22.62,85.38,7.22,84.06,lettuce
50,15,26,16.84,86.59,6.69,77.75,cotton
93,48,34,30.46,59.41,7.03,214.56,spinach
67,49,52,32.82,62.46,5.36,262.63,rice
64,59,34,32.31,40.09,5.03,99.01,broccoli
25,47,42,27.35,77.32,5.96,109.77,millet
51,10,28,32.1,51.41,5.58,225.76,maize
45,11,37,27.89,75.43,6.33,293.61,groundnut
75,43,40,15.69,82.82,5.99,73.93,groundnut
68,24,45,26.63,68.54,6.21,229.44,banana
89,57,10,16.87,65.98,7.24,273.99,cotton
96,53,30,31.29,45.89,6.53,140.15,spinach
71,58,58,17.3,42.15,7.4,108.77,cabbage
24,10,15,19.12,43.18,6.28,96.51,banana
11,16,42,31.65,59.0,6.18,128.49,cabbage
73,24,30,20.54,55.95,6.53,263.9,maize
29,27,24,29.91,74.85,5.5,277.06,lettuce
69,48,13,29.68,77.49,5.64,275.08,pea
71,17,55,20.32,49.31,6.23,214.25,potato
60,34,15,18.12,84.46,5.79,165.47,sugarcane
49,44,44,16.05,78.55,7.19,269.55,pea
38,10,29,29.06,53.18,5.94,170.96,potato
120,33,57,15.47,43.97,6.76,238.23,maize
11,56,52,29.37,78.58,6.33,243.64,tomato
50,43,21,34.64,77.79,5.0,84.8,barley
36,21,51,32.27,79.19,5.95,137.06,rice
118,22,40,32.07,53.23,6.0,94.17,sugarcane
94,60,32,29.87,66.09,6.06,103.13,soybean
92,32,10,24.82,56.45,5.13,176.47,cotton
42,22,54,30.83,80.0,5.97,192.46,wheat
58,26,44,17.63,45.02,5.02,162.26,onion
52,39,44,20.88,67.42,7.13,195.91,tea
49,40,53,15.71,60.32,5.76,125.12,wheat
28,49,45,28.72,84.93,6.99,268.49,carrot
58,24,13,22.62,74.26,7.09,203.32,cotton
74,60,8,27.9,54.68,6.6,141.15,wheat
115,45,59,21.86,87.67,7.07,188.67,potato
100,46,28,32.7,78.87,7.4,169.26,banana
38,54,43,31.41,86.14,6.99,279.89,orange
59,50,41,16.78,58.05,6.75,193.07,onion
70,27,11,25.67,51.79,5.14,152.3,lettuce
65,34,23,28.54,66.66,5.1,118.23,cotton
89,42,16,24.2,86.44,6.81,190.61,pea
92,6,34,24.04,57.53,7.19,221.33,rice
111,37,39,33.74,67.19,7.39,240.53,orange
14,56,59,31.3,82.98,7.35,98.95,carrot
119,29,36,28.5,75.15,5.16,137.51,cotton
22,23,53,28.33,86.49,5.87,226.03,grapes
94,43,26,17.39,75.64,7.04,194.78,tomato
95,9,23,32.47,82.16,7.1,280.62,grapes
59,30,50,21.09,53.56,6.9,280.72,wheat
22,43,41,26.24,67.02,6.64,263.9,lettuce
51,28,28,25.71,85.99,6.97,173.81,mango
34,24,6,20.64,67.47,7.43,101.92,orange
53,16,27,15.46,48.25,5.25,264.23,sugarcane
84,50,10,24.12,55.74,7.17,140.63,barley
78,29,47,23.9,53.74,5.12,240.89,barley
105,40,43,29.64,67.41,7.22,70.08,coffee
11,46,27,33.08,41.17,6.36,224.78,broccoli
78,26,50,16.94,67.9,5.26,153.95,pea
70,34,58,32.24,44.06,7.03,110.59,grapes
81,46,45,15.97,80.11,5.14,236.6,mango
39,14,9,17.09,69.42,6.87,130.3,rice
83,16,9,25.27,66.88,5.48,117.2,coffee
109,20,16,24.84,48.7,6.0,228.49,banana
80,38,44,25.46,71.04,7.39,211.44,apple
102,46,39,15.55,68.33,7.27,162.94,lettuce
37,48,45,27.49,56.9,5.07,263.6,maize
75,40,37,28.4,70.36,5.61,194.27,potato
52,13,44,32.08,46.76,6.88,242.19,coffee
71,42,48,25.37,70.87,7.2,230.17,banana
105,16,49,18.25,64.56,6.66,295.52,spinach
97,41,30,17.99,63.91,5.94,109.48,coffee
92,13,51,21.69,78.11,6.07,145.68,cotton
17,41,57,31.42,86.51,6.46,248.34,sugarcane
77,51,43,15.43,75.16,6.47,50.78,soybean
23,15,58,26.05,63.36,6.6,283.98,banana
84,39,5,22.26,41.51,6.77,226.99,banana
44,18,60,21.5,68.71,6.24,126.29,tomato
73,42,52,23.8,51.68,6.73,148.38,lettuce
120,33,44,19.44,85.2,6.45,110.09,lettuce
23,22,51,33.76,87.95,5.59,86.05,wheat
45,23,14,28.17,74.86,6.98,230.51,banana
13,49,36,25.74,52.56,5.71,129.75,spinach
50,23,6,31.45,40.93,6.65,112.98,grapes
19,57,53,27.66,65.64,5.05,88.63,tomato
36,45,22,16.72,72.46,7.06,86.09,rice
24,43,50,32.17,73.04,7.15,198.35,carrot
55,8,55,29.49,42.11,5.93,244.1,grapes
94,19,18,29.3,87.99,6.38,222.5,orange
32,26,37,15.37,64.97,6.38,103.82,orange
88,32,60,33.74,72.8,5.33,113.8,tea
23,60,33,31.0,71.34,5.55,149.51,coffee
81,23,54,17.76,62.25,6.53,263.61,banana
82,31,26,34.71,86.29,5.18,172.0,maize
54,24,47,33.75,43.82,7.0,283.31,potato
88,60,60,19.6,53.36,5.42,182.29,spinach
91,19,59,16.04,53.03,6.42,218.44,broccoli
112,59,54,18.77,81.28,6.62,237.4,coffee
67,14,14,29.45,56.85,6.98,142.63,groundnut
12,21,56,28.4,75.14,5.49,263.32,spinach
117,44,45,33.08,53.6,6.08,241.74,cotton
84,56,52,26.94,50.18,7.4,222.15,broccoli
89,9,27,25.03,43.19,6.65,57.59,onion
80,34,19,16.92,74.68,5.85,232.92,orange
61,35,20,16.28,62.47,7.25,164.81,rice
61,18,33,30.3,44.88,5.03,137.75,coffee
13,9,54,29.06,52.38,6.61,186.91,pea
23,57,33,16.96,85.4,5.6,137.29,orange
66,22,19,16.4,77.95,6.75,266.58,grapes
71,10,33,27.33,88.05,5.71,83.11,cabbage
88,20,57,30.12,58.09,7.07,192.72,spinach
55,5,35,30.54,46.38,5.87,166.05,apple
31,26,23,26.55,61.43,6.29,126.04,rice
65,20,38,31.3,52.91,6.61,244.5,potato
76,9,44,30.91,55.69,5.55,52.02,mango
98,24,33,16.97,54.42,5.6,119.84,groundnut
32,7,11,18.89,48.67,5.43,230.92,coffee
18,37,8,26.65,73.03,6.25,124.3,rice
63,37,60,31.56,70.57,6.33,210.17,wheat
38,42,15,19.89,67.94,7.01,268.93,carrot
66,48,52,16.61,87.06,6.76,220.93,pea
63,52,30,31.4,63.56,6.2,71.2,pea
105,39,33,29.62,84.23,7.3,122.89,broccoli
29,23,37,29.95,45.09,5.15,262.7,onion
86,29,6,25.26,74.35,5.84,87.24,grapes
115,27,38,17.53,69.2,5.66,254.45,mango
24,20,35,28.07,79.98,6.94,278.79,coffee
107,20,18,32.27,80.56,7.24,243.54,tea
60,31,27,31.64,64.88,5.63,87.57,maize
112,45,58,34.21,43.49,7.26,122.02,cotton
103,56,21,24.13,76.34,7.11,153.06,sugarcane
72,38,13,32.25,85.1,6.42,127.26,tomato
28,60,38,15.13,48.27,5.13,134.25,grapes
15,46,13,25.98,64.04,6.55,222.79,coffee
61,34,59,15.38,87.37,5.55,72.4,banana
64,29,41,18.8,58.02,6.17,278.26,onion
53,48,59,25.39,53.67,6.19,55.13,maize
73,28,23,29.81,75.3,5.38,288.17,tea
74,48,45,27.8,44.51,6.09,68.7,wheat
27,14,19,29.58,43.94,5.96,137.16,cotton
55,28,14,16.66,60.71,6.16,84.36,barley
12,34,27,16.26,80.3,5.11,212.01,wheat
38,45,49,24.45,70.41,7.19,215.48,grapes
14,26,54,29.04,71.58,6.27,97.71,spinach
91,55,48,33.88,75.97,7.06,203.84,mango
50,37,21,18.32,66.84,6.02,91.6,mango
61,35,14,31.88,65.89,5.91,170.12,maize
10,15,15,27.43,63.28,5.19,108.58,cotton
10,55,16,29.59,47.84,6.69,244.18,orange
25,49,8,34.65,76.79,5.47,254.23,rice
33,32,9,20.17,86.19,5.93,107.49,tomato
37,44,34,32.01,43.01,5.73,77.98,pea
32,40,22,27.44,87.01,6.62,247.92,soybean
62,41,23,32.4,88.32,5.17,174.35,groundnut
83,48,50,28.78,51.93,6.73,141.25,mango
93,38,37,34.69,74.61,5.72,129.83,groundnut
87,47,40,19.03,41.95,6.79,135.69,apple
55,52,25,33.06,80.36,6.54,191.86,maize
72,17,17,24.42,44.0,6.96,141.35,groundnut
33,13,46,28.84,73.47,5.64,230.11,grapes
78,42,11,32.64,70.4,6.55,263.16,banana
94,18,39,32.39,52.62,7.09,246.47,banana
42,11,33,32.01,87.74,5.23,215.83,millet
26,25,46,30.19,89.81,7.15,92.37,cabbage
120,18,9,23.65,47.31,5.69,278.04,lettuce
54,52,28,22.39,85.32,6.33,85.01,banana
78,41,7,17.44,56.55,6.57,241.36,apple
107,15,12,34.95,46.58,5.54,142.6,lettuce
35,30,59,31.52,58.33,6.2,265.47,banana
103,32,49,18.66,82.89,5.59,227.29,groundnut
58,18,30,19.25,61.43,6.78,165.97,rice
51,39,51,32.14,60.58,5.5,254.14,sugarcane
116,18,5,17.41,72.05,6.53,248.61,broccoli
25,37,55,31.85,86.83,5.85,122.88,groundnut
120,21,32,18.26,73.49,5.46,163.67,carrot
115,42,60,29.43,64.54,5.61,102.11,mango
70,38,59,27.36,87.56,6.87,257.42,sugarcane
111,44,15,27.18,52.14,7.41,116.8,barley
48,13,10,19.15,50.53,6.16,63.92,orange
93,12,19,20.01,41.1,6.42,233.46,grapes
69,22,26,20.4,86.1,7.38,229.59,onion
14,8,12,19.31,54.61,6.79,134.05,maize
61,59,19,32.24,64.69,5.49,140.08,cabbage
45,58,22,16.95,53.19,6.81,110.83,spinach
77,12,20,21.65,75.05,6.37,287.3,onion
52,40,23,16.85,55.08,6.22,173.22,potato
108,38,43,28.03,47.36,5.85,103.33,tea
42,35,47,24.18,84.85,7.1,204.73,rice
10,50,9,15.58,67.05,7.36,248.1,tomato
91,21,32,31.94,56.35,5.42,181.51,barley
104,44,54,33.54,56.08,5.42,229.35,onion
78,52,35,16.65,76.57,5.41,169.57,cotton
104,21,59,20.58,58.32,5.39,130.48,banana
55,10,57,28.17,73.94,7.15,268.92,cabbage
90,15,27,21.76,74.44,6.05,128.06,cabbage
55,21,50,23.27,59.33,5.33,211.19,orange
71,17,52,30.9,80.06,5.94,57.79,banana
18,29,59,31.71,77.17,5.08,100.86,maize
81,36,5,20.42,79.51,6.38,241.33,tomato
76,16,31,25.2,48.12,6.93,54.63,lettuce
110,42,47,20.57,53.89,6.75,77.54,banana
51,32,29,31.19,72.49,6.32,125.0,lettuce
53,17,17,24.01,68.81,5.04,194.42,groundnut
102,52,39,19.55,66.08,5.31,286.58,pea
23,11,16,15.92,70.77,5.39,224.89,rice
120,60,36,25.22,49.53,5.37,217.41,rice
102,17,50,26.35,66.03,5.02,189.37,orange
120,16,8,30.69,44.11,5.38,158.72,carrot
82,43,27,21.62,63.49,7.1,179.93,coffee
96,30,18,16.58,83.48,6.92,190.95,orange
68,47,25,23.64,76.31,6.6,178.36,maize
60,22,54,34.75,77.5,6.98,235.35,potato
43,32,49,34.06,85.4,6.03,298.63,soybean
10,42,57,31.85,69.81,6.46,256.77,mango
120,14,5,29.92,83.64,6.52,107.42,barley
52,50,40,28.96,88.1,7.41,129.61,soybean
69,52,42,25.21,74.08,5.81,186.08,millet
109,17,12,17.55,76.68,6.87,280.71,apple
18,57,41,24.31,69.81,6.91,156.58,spinach
118,36,36,18.57,56.9,6.63,75.75,coffee
47,44,40,16.22,82.89,6.04,69.4,rice
85,24,35,31.6,71.87,5.11,273.99,wheat
38,30,36,31.98,48.81,5.97,55.97,barley
40,17,47,17.31,50.25,6.69,89.23,millet
24,13,18,18.15,80.06,5.84,95.33,mango
107,55,9,32.48,51.33,5.61,253.98,cotton
74,43,46,26.24,85.6,7.25,58.54,lettuce
53,34,16,22.87,54.4,5.76,194.8,mango
14,54,25,22.53,88.03,5.79,199.77,grapes
93,17,5,29.78,54.64,6.15,272.18,groundnut
105,41,10,15.61,69.62,7.3,192.84,cotton
67,12,40,26.91,45.04,7.26,141.65,apple
68,51,57,23.27,72.41,5.08,209.4,lettuce
21,47,33,19.9,45.68,6.46,263.5,spinach
15,47,36,31.39,58.43,6.62,106.22,wheat
75,7,30,32.38,87.02,5.62,97.64,rice
109,5,49,21.01,60.75,5.64,78.89,wheat
107,43,60,30.34,53.46,6.78,119.57,tomato
96,8,21,27.77,52.46,7.38,52.51,tea
56,22,12,25.47,53.59,6.94,210.67,pea
10,48,38,34.26,40.28,7.15,167.13,tomato
62,30,59,25.59,43.79,5.64,105.27,coffee
44,39,53,26.55,74.67,5.93,192.8,carrot
81,51,9,29.25,47.86,7.42,90.18,orange
28,35,44,32.67,69.7,5.32,183.6,tomato
117,23,22,31.65,48.63,7.2,158.68,banana
31,50,45,26.72,51.94,6.88,149.42,spinach
73,8,58,18.92,66.25,5.4,291.4,banana
35,9,42,17.9,83.47,5.03,197.37,barley
78,39,10,26.23,51.59,7.16,163.25,tea
118,8,17,28.49,67.98,6.23,258.22,millet
83,14,60,15.05,48.46,6.43,277.73,soybean
103,19,11,28.23,55.0,6.56,90.41,orange
25,30,25,32.95,85.46,5.66,88.81,sugarcane
40,5,55,31.01,83.62,6.05,73.05,cabbage
13,40,35,32.01,48.39,5.59,169.66,wheat
66,5,10,29.33,59.71,6.65,283.63,spinach
37,40,53,28.49,62.28,7.35,239.71,grapes
54,32,18,28.12,83.16,5.43,51.9,groundnut
29,50,35,16.8,76.02,6.14,163.2,maize
42,55,30,17.59,42.65,6.91,61.11,mango
11,18,59,16.54,44.77,5.93,137.88,lettuce
15,20,45,16.94,41.41,5.06,236.5,coffee
42,50,36,26.58,55.62,7.17,262.76,spinach
54,11,24,24.28,48.33,5.69,124.85,rice
17,23,9,34.44,48.59,7.02,262.23,banana
36,22,42,23.27,44.06,6.04,169.21,cabbage
33,19,47,30.79,42.49,6.31,64.52,spinach
48,24,19,24.91,42.26,7.19,135.26,grapes
37,52,36,34.82,86.69,5.01,230.31,groundnut
47,59,15,16.52,63.39,5.13,254.65,wheat
68,44,52,33.83,43.87,6.52,81.48,mango
54,54,21,22.98,58.12,6.29,163.61,banana
68,24,34,32.56,59.18,5.76,123.52,grapes
110,43,15,15.58,81.38,6.23,242.76,carrot
111,17,44,31.15,83.26,5.52,238.72,soybean
96,26,10,15.38,55.95,5.94,79.63,cabbage
24,13,60,30.94,69.29,6.88,57.86,onion
56,31,37,26.75,63.87,7.44,237.84,groundnut
43,48,25,28.05,67.49,7.23,154.3,millet
101,45,24,15.15,67.74,6.82,274.01,wheat
61,54,8,25.76,63.13,6.86,239.94,barley
63,5,6,31.32,73.07,5.25,299.87,cotton
63,16,14,20.35,76.02,5.6,145.76,potato
75,29,34,19.72,77.8,7.18,150.6,maize
18,48,41,30.48,60.48,5.61,77.49,orange
26,5,24,31.05,40.33,5.3,288.11,millet
71,11,56,19.49,44.02,5.08,68.38,soybean
108,54,57,15.41,65.75,6.75,267.87,tomato
35,52,46,18.92,82.21,6.85,206.67,groundnut
40,49,8,20.0,72.41,6.38,291.82,pea
89,13,59,21.15,50.35,6.23,161.24,tomato
14,28,55,18.69,52.29,5.29,259.48,orange
45,25,8,20.39,84.08,6.87,54.99,potato
24,42,7,24.38,83.0,6.65,205.0,wheat
73,34,14,25.73,57.15,6.58,119.37,wheat
84,60,22,23.92,66.18,7.12,156.69,tomato
47,57,5,28.35,81.31,7.01,249.88,cotton
105,44,34,20.37,41.29,5.8,155.44,banana
118,53,5,31.74,64.84,5.6,147.23,coffee
63,59,19,26.73,75.53,6.63,282.44,broccoli
109,28,27,26.64,89.87,5.71,201.74,mango
52,37,60,19.53,57.77,6.67,158.04,orange
45,12,27,19.24,51.5,5.1,196.66,tomato
71,16,58,19.16,80.06,6.35,286.42,potato
46,57,53,26.52,73.29,5.68,223.51,lettuce
11,12,11,19.43,42.62,7.29,253.42,tomato
100,60,6,22.29,53.27,5.21,83.19,cabbage
41,54,47,24.9,53.12,7.11,232.24,apple
36,37,20,17.95,72.04,5.13,290.71,coffee
25,38,58,29.11,80.92,5.61,80.9,carrot
76,9,10,27.64,55.87,5.35,299.01,cotton
59,19,17,30.9,78.15,7.2,152.27,millet
35,40,40,31.07,52.69,6.92,108.12,potato
48,7,58,25.44,67.5,6.47,113.21,sugarcane
72,43,40,23.09,81.91,6.26,111.58,banana
110,51,21,24.86,80.64,5.26,73.71,millet
25,39,9,16.59,80.81,5.08,281.29,maize
84,45,6,25.26,62.79,5.52,189.22,spinach
51,49,23,22.49,77.63,5.9,291.61,tomato
110,40,41,29.17,42.48,6.5,130.48,orange
120,36,39,15.11,44.49,5.98,94.92,tea
22,15,26,19.95,45.25,5.25,277.68,cabbage
21,54,11,18.59,71.13,7.21,247.81,maize
59,41,26,24.99,55.9,6.77,214.55,orange
99,54,36,18.76,85.99,5.09,192.19,pea
10,26,56,20.0,88.59,6.76,280.7,grapes
39,10,50,23.63,72.61,6.31,50.61,broccoli
94,19,16,25.51,57.18,6.67,217.35,mango
112,28,46,31.76,51.78,6.21,180.89,mango
67,17,50,25.98,49.85,6.61,67.53,carrot
29,6,42,22.0,84.23,7.16,209.94,coffee
38,10,14,34.19,47.19,5.95,158.34,lettuce
56,26,59,26.67,80.6,6.34,253.86,barley
103,27,58,17.45,87.2,5.43,276.89,broccoli
104,37,34,28.79,62.33,6.38,113.5,pea
10,5,59,33.88,53.76,6.45,57.67,wheat
63,60,25,23.18,89.57,5.13,137.44,orange
99,14,51,17.0,88.15,5.65,248.4,wheat
75,25,25,27.3,54.43,6.88,95.36,cotton
38,13,6,30.77,80.69,5.33,58.46,groundnut
11,28,49,16.72,49.3,6.33,212.46,orange
106,16,27,17.27,56.5,5.29,189.61,banana
45,29,13,29.89,87.43,5.66,50.62,apple
61,42,49,24.38,87.48,6.78,71.59,broccoli
120,48,34,30.1,43.81,6.58,276.32,broccoli
39,32,49,17.39,50.73,7.16,143.73,apple
111,5,42,34.25,63.22,5.68,213.1,tomato
92,32,44,26.79,66.13,5.74,65.55,lettuce
13,47,20,32.57,66.14,6.52,194.56,barley
48,48,59,26.37,73.77,5.28,255.72,orange
31,41,7,27.92,87.97,5.04,284.61,maize
108,11,52,19.05,40.78,5.4,200.92,lettuce
57,21,47,31.06,53.43,5.7,240.84,cabbage
106,6,38,34.7,78.65,7.49,109.57,onion
78,47,60,16.37,89.66,6.17,177.68,barley
20,30,13,19.13,81.74,5.2,240.82,potato
17,26,57,32.28,72.44,6.04,153.59,carrot
55,8,23,32.84,70.92,5.44,117.48,grapes
94,16,12,25.77,76.31,7.12,199.92,wheat
47,21,21,21.29,54.45,6.64,238.0,cotton
119,9,34,18.4,71.12,5.9,185.39,tomato
115,13,41,32.8,63.79,7.08,166.93,mango
88,34,58,23.84,74.79,6.43,162.98,maize
35,35,50,15.82,73.68,7.16,268.53,soybean
84,42,20,31.98,47.15,6.54,169.14,orange
103,11,11,17.59,68.15,6.94,293.76,potato
34,8,24,17.14,56.95,6.82,67.34,pea
22,14,53,19.73,44.8,6.97,146.81,rice
89,58,7,27.8,58.83,6.52,205.96,onion
95,52,41,21.72,49.92,7.48,139.26,cotton
120,15,40,18.6,66.58,7.22,208.91,sugarcane
50,40,20,16.31,83.7,5.33,95.01,onion
66,49,42,26.51,52.01,7.49,98.72,sugarcane
65,37,42,19.84,88.57,5.43,200.03,barley
59,43,17,22.76,60.25,6.73,296.5,grapes
35,40,12,29.3,87.62,6.38,187.67,broccoli
50,42,22,24.56,70.91,5.38,254.54,wheat
106,38,9,22.36,86.15,6.07,189.27,spinach
103,21,59,15.93,46.3,5.47,174.59,tea
106,37,23,16.38,63.32,5.71,183.31,orange
83,21,20,17.93,49.08,7.36,211.69,onion
90,36,25,15.06,58.31,6.86,162.73,maize
82,56,56,20.6,73.65,7.47,129.56,sugarcane
13,24,32,24.65,89.77,7.0,183.97,maize
91,53,49,24.77,83.7,6.42,168.56,spinach
21,42,58,24.6,72.12,5.43,283.78,barley
22,37,12,21.51,78.04,6.8,260.45,carrot
100,38,24,17.98,44.06,7.1,263.0,banana
54,9,28,34.9,75.92,6.27,73.04,orange
66,22,34,29.01,48.04,5.16,139.0,potato
60,8,34,17.65,49.38,5.28,255.36,wheat
57,60,13,29.7,56.46,5.97,64.61,grapes
28,19,45,22.9,76.28,5.63,290.42,cabbage
25,50,55,17.83,77.82,6.53,173.32,wheat
84,30,27,34.36,41.84,5.67,182.96,lettuce
18,38,14,28.92,54.96,5.39,104.43,carrot
96,55,29,33.69,71.52,5.03,194.92,mango
92,6,41,33.73,57.59,7.44,123.03,pea
26,20,56,21.38,60.12,5.15,195.88,tomato
53,30,12,34.36,64.33,6.03,287.8,broccoli
33,20,27,34.43,82.31,5.13,84.67,potato
83,36,18,15.73,47.74,5.98,141.75,onion
40,16,53,15.0,78.2,6.27,189.17,spinach
80,55,45,26.84,70.17,6.49,127.5,spinach
31,6,42,22.48,81.55,6.99,215.59,groundnut
49,44,43,22.84,85.83,6.34,130.54,cotton
118,45,6,23.18,60.14,6.2,84.49,cabbage
54,55,20,16.89,64.45,7.46,191.29,soybean
74,9,57,23.68,89.27,5.06,266.33,cotton
78,11,52,16.97,44.22,6.94,205.87,apple
109,33,59,17.13,46.56,5.66,132.86,onion
68,9,38,31.59,50.62,6.75,250.44,sugarcane
79,19,55,20.29,43.01,6.0,221.92,apple
68,39,29,31.37,42.67,5.09,199.5,potato
93,22,31,25.93,69.6,5.24,154.73,wheat
39,57,22,26.65,88.91,7.01,61.91,orange
48,31,52,23.66,67.24,5.12,162.6,lettuce
75,15,59,32.2,46.09,7.12,144.35,barley
109,30,5,27.13,49.73,6.59,256.26,orange
89,46,18,17.57,76.48,5.01,229.44,soybean
56,22,15,19.53,63.66,6.75,58.4,mango
83,34,19,31.43,82.11,6.42,163.31,lettuce
98,24,34,19.39,41.28,6.27,176.27,soybean
112,7,12,25.45,77.99,5.47,110.3,spinach
25,22,30,32.55,52.52,7.45,270.95,carrot
23,13,29,24.88,74.32,7.21,126.56,banana
20,19,49,33.65,59.14,7.29,159.2,orange
89,39,25,27.44,81.79,6.8,156.31,barley
83,40,51,31.24,69.25,6.19,88.2,wheat
77,9,46,20.05,77.84,5.44,87.57,pea
89,48,48,19.08,43.09,5.09,191.26,maize
90,8,55,32.29,69.49,5.81,257.53,mango
36,47,19,34.53,70.12,6.34,186.87,rice
85,47,27,18.91,60.26,6.81,264.02,sugarcane
91,21,52,30.07,57.07,6.02,223.72,lettuce
109,16,24,21.46,60.43,7.12,212.56,pea
70,9,51,16.86,88.51,5.78,162.6,cotton
76,7,14,26.09,71.3,7.43,260.87,spinach
101,29,40,20.32,78.0,5.78,93.09,barley
36,55,57,26.42,76.32,5.55,59.09,barley
108,27,60,32.03,64.96,6.52,287.35,orange
14,48,40,22.39,55.13,5.6,235.71,coffee
38,48,60,30.09,62.87,6.33,89.25,sugarcane
38,40,23,16.34,82.14,6.02,264.6,grapes
53,34,36,16.38,77.48,7.41,116.27,spinach
65,8,51,18.29,78.71,5.95,171.43,broccoli
12,60,5,28.75,57.19,6.44,178.63,grapes
118,16,50,20.21,44.0,6.59,271.03,groundnut
120,23,48,18.13,86.05,7.45,195.79,pea
42,50,18,25.47,62.93,5.47,143.83,tea
79,25,33,16.44,42.73,5.33,178.75,banana
81,54,17,19.17,74.74,5.22,173.54,tea
59,24,33,26.61,84.7,6.72,58.14,orange
28,37,30,32.1,85.3,6.64,101.37,apple
39,50,47,27.9,57.6,6.99,200.83,cabbage
67,8,23,15.15,77.81,6.49,136.51,spinach
114,24,30,21.77,65.29,6.61,140.66,groundnut
36,55,59,19.99,54.19,7.12,146.58,coffee
15,57,60,26.3,48.89,7.46,81.81,tomato
55,40,57,18.06,42.32,5.17,127.64,cotton
92,17,51,18.37,76.61,5.4,61.57,tomato
14,59,57,32.35,77.87,6.58,107.44,pea
25,12,31,23.87,82.21,5.36,294.64,mango
17,9,42,30.06,56.28,6.95,280.54,rice
49,21,7,20.04,69.33,7.47,75.98,banana
83,55,56,28.0,81.36,6.7,200.04,carrot
102,41,33,31.7,51.75,5.36,236.33,apple
52,13,11,29.59,62.63,5.53,207.28,carrot
11,51,46,23.18,69.68,7.42,204.82,coffee
38,44,29,32.08,83.36,7.01,149.81,wheat
43,14,60,15.68,50.81,5.24,168.43,wheat
12,21,33,15.09,57.64,6.88,282.57,millet
18,44,53,20.71,88.91,6.2,76.39,maize
94,36,35,16.46,73.9,6.08,253.59,potato
119,52,46,32.3,47.14,7.17,168.62,lettuce
111,35,54,21.16,76.9,6.87,253.94,wheat
11,35,55,33.47,66.37,6.83,163.47,pea
49,51,45,17.07,53.2,5.37,77.96,banana
77,6,29,17.58,63.46,6.11,129.2,carrot
83,52,10,25.63,41.96,7.32,233.33,soybean
24,32,20,21.38,57.71,6.95,132.89,wheat
76,5,7,19.01,49.1,7.33,256.34,wheat
12,42,35,18.16,70.3,6.62,277.47,pea
57,10,50,32.96,45.24,5.87,228.59,coffee
55,11,9,22.9,47.16,6.46,267.55,carrot
65,49,21,29.31,41.64,6.86,191.93,soybean
52,10,38,34.97,47.27,7.14,68.81,potato
34,51,20,25.76,69.38,5.7,53.04,tea
88,15,41,24.36,62.25,7.47,205.17,lettuce
27,52,33,21.99,53.66,5.05,115.19,groundnut
96,32,45,18.8,80.13,5.2,298.92,rice
97,11,51,25.2,64.89,6.54,272.26,tea
115,19,36,20.48,53.05,5.16,122.01,apple
112,48,17,18.57,53.47,5.8,79.92,tea
71,21,28,33.37,53.03,5.37,94.22,groundnut
43,31,32,18.89,72.39,7.22,233.79,orange
59,49,38,20.94,86.39,5.75,179.13,apple
96,16,17,22.32,47.35,7.34,77.7,tomato
107,45,25,33.79,69.21,5.28,150.37,grapes
107,38,7,20.27,41.37,7.09,101.53,barley
75,45,5,26.05,64.99,5.27,163.44,broccoli
21,45,15,15.58,40.46,6.98,208.18,tea
15,18,44,15.15,81.31,5.59,129.81,cabbage
116,45,49,33.61,64.21,5.78,257.92,pea
34,51,40,21.85,46.43,6.17,83.43,sugarcane
33,17,25,24.83,47.56,7.33,212.82,soybean
13,21,20,20.41,45.32,7.32,239.84,wheat
62,9,21,30.31,79.95,6.39,285.44,cabbage
54,21,38,24.55,88.85,5.49,128.43,orange
92,24,31,15.25,43.57,6.16,192.29,millet
100,34,38,26.28,49.38,6.47,250.96,millet
45,21,45,17.56,76.72,5.88,175.21,cabbage
97,38,24,17.98,45.79,5.61,77.08,banana
68,43,38,22.36,55.46,6.88,131.57,carrot
92,33,41,19.98,52.96,6.08,91.97,sugarcane
40,34,5,28.12,75.62,5.45,128.12,sugarcane
78,5,12,22.16,49.79,5.71,52.52,mango
106,15,10,17.1,53.19,5.71,103.66,onion
90,24,19,17.49,65.98,5.56,156.64,broccoli
45,41,26,34.0,64.49,5.7,144.12,apple
39,33,13,30.43,40.59,5.93,57.97,broccoli
23,14,28,19.59,66.49,5.41,92.76,spinach
108,39,22,31.08,80.38,5.22,150.25,groundnut
100,27,29,24.23,46.11,6.99,62.21,barley
79,37,42,34.94,88.28,5.86,140.79,sugarcane
60,41,60,18.64,54.5,5.39,226.84,mango
110,28,44,16.47,77.92,5.88,72.5,pea
79,59,55,15.35,88.96,5.72,267.91,cabbage
110,25,19,19.14,42.47,6.85,207.18,orange
21,26,59,18.11,50.5,7.16,284.12,sugarcane
80,41,36,19.42,65.81,7.27,269.38,banana
18,24,52,34.51,53.28,5.71,118.71,lettuce
120,48,17,32.46,57.76,6.27,184.98,groundnut
15,29,26,24.44,80.05,7.07,262.36,maize
84,46,22,21.95,58.17,5.83,75.87,orange
74,21,38,25.38,52.04,7.42,145.66,rice
115,43,23,28.5,51.11,7.23,62.95,groundnut
107,25,9,25.08,57.82,6.78,191.56,carrot
25,60,54,33.52,43.89,7.15,222.04,potato
113,58,53,18.62,72.42,7.49,193.66,cotton
86,17,39,20.16,78.46,6.35,265.23,potato
26,49,22,15.24,46.47,7.01,270.18,carrot
48,9,48,30.66,68.09,5.21,267.38,banana
46,9,43,25.02,56.6,5.52,93.13,spinach
85,44,16,19.12,56.43,7.01,92.46,millet
26,44,20,25.39,85.2,5.91,109.47,orange
36,29,57,17.2,56.1,7.28,231.25,sugarcane
22,45,20,33.17,84.02,6.99,53.15,tea
12,49,25,21.43,58.31,5.19,278.68,sugarcane
18,37,20,26.92,42.93,6.22,227.72,mango
114,36,18,30.19,57.59,6.0,162.97,maize
92,46,6,19.05,87.74,6.26,254.2,sugarcane
51,19,52,20.97,54.16,5.18,296.9,wheat
15,51,27,25.75,73.8,5.32,159.48,onion
80,35,40,17.66,58.81,5.5,192.97,cabbage
72,44,14,23.44,56.21,6.72,201.15,barley
120,29,27,30.96,85.95,5.45,121.95,orange
27,40,33,33.87,66.29,6.97,83.81,potato
43,15,11,23.08,55.14,7.36,236.94,orange
65,19,57,17.77,62.37,5.48,70.2,tea
73,28,31,24.5,80.57,6.94,51.24,soybean
35,50,20,27.13,45.04,6.21,140.04,soybean
28,55,24,18.99,69.18,5.57,83.87,apple
90,48,58,15.73,65.46,5.11,297.12,rice
44,34,51,33.79,79.78,6.78,187.52,carrot
39,7,50,25.85,52.25,5.65,146.36,broccoli
86,7,52,16.11,58.24,5.89,168.97,millet
62,39,43,20.16,58.0,7.39,189.03,potato
107,12,54,23.18,51.01,6.22,290.72,coffee
56,45,21,33.55,40.19,6.83,133.31,tomato
17,20,53,24.29,41.86,7.01,148.96,potato
22,37,37,17.64,69.57,7.1,295.56,cabbage
67,25,29,16.24,85.06,5.95,62.27,cotton
89,51,53,26.77,71.16,5.12,59.65,sugarcane
17,55,55,17.94,56.48,6.49,272.77,pea
74,36,15,32.91,62.52,5.54,97.84,maize
77,20,9,18.25,64.57,7.16,114.19,tea
74,32,53,28.51,64.94,5.79,140.49,lettuce
85,30,36,29.35,71.35,5.1,57.8,millet
23,5,15,30.07,60.82,6.75,101.42,rice
109,52,12,20.97,88.53,6.06,213.26,pea
23,11,45,16.48,79.49,5.89,296.04,mango
87,25,52,19.02,72.08,6.51,207.01,cabbage
82,12,41,15.15,83.27,6.38,136.01,tomato
14,33,20,32.53,78.08,5.88,65.54,onion
75,5,44,31.03,74.8,5.21,186.95,lettuce
39,49,6,25.25,65.73,7.08,276.48,spinach
56,18,17,20.07,74.72,6.67,114.82,wheat
26,24,44,28.0,60.54,7.46,235.34,coffee
12,43,41,34.66,76.01,5.92,156.44,cotton
15,41,16,24.25,88.12,5.38,218.92,cabbage
